"...1","trial_n","type","days","n","rb","rn","w","pph","ph","pp","k","bhd","wha","qha","pBrood","pHoney","pPollen","pEmpty","pBroodHeat","pHoneyHeat","pPollenHeat","pEmptyHeat","broodMetric","pollenRing"
1,1,"queen",30,112,2,1,2641,0.3249,0.969,1.0138,19.6475,0.5761,0.0896,2.8497,0.358814814814815,0.54962962962963,0.00592592592592593,0.0856296296296296,0.356948228882834,0.512261580381471,0.0108991825613079,0.119891008174387,4.62758051197358,6.76096495956873
1,2,"queen",30,63,2,4,3469,0.8174,0.9282,1.0496,16.2116,0.1775,0.1948,0.3475,0.0136296296296296,0.984,0,0.00237037037037037,0,1,0,0,0.695652173913043,11.6762481180367
1,3,"queen",30,117,2,1,2160,0.8259,1.0197,0.9561,5.0558,0.094,0.0107,4.597,0.105481481481481,0.886814814814815,0,0.0077037037037037,0.0681198910081744,0.91008174386921,0,0.0217983651226158,1.82022471910112,5.43480120280655
1,4,"queen",30,81,2,2,2318,0.891,1.0577,1.0512,12.6121,0.4597,0.6596,2.5212,0.104888888888889,0.872296296296296,0.00029629629629629,0.0225185185185185,0.0326975476839237,0.961852861035422,0.00272479564032698,0.00272479564032698,1.94915254237288,5.90874320652174
1,5,"queen",30,106,4,3,1681,0.9991,1.0881,1.0222,13.7726,0.5835,0.0428,4.5229,0.145481481481481,0.840296296296296,0,0.0142222222222222,0.103542234332425,0.893732970027248,0,0.00272479564032698,2.17107942973523,5.54058180535966
1,6,"queen",30,83,2,3,2291,0.475,0.9064,0.9582,8.8101,0.8691,0.4466,2.3841,0.205333333333333,0.767111111111111,0,0.0275555555555556,0.0871934604904632,0.912806539509537,0,0,3.31024531024531,5.66286597141754
1,7,"queen",30,97,3,1,2219,0.9541,1.0469,0.9797,13.3566,0.7605,0.126,3.5612,0.0965925925925926,0.890074074074074,0,0.0133333333333333,0.0517711171662125,0.891008174386921,0,0.0572207084468665,1.60736196319018,5.38697403462051
1,8,"queen",30,61,2,3,1024,0.4077,0.9354,1.0829,16.1543,0.2228,0.0428,4.8346,0.381333333333333,0.537777777777778,0.00029629629629629,0.0805925925925926,0.332425068119891,0.566757493188011,0.00272479564032698,0.0980926430517711,4.58741258741259,6.34405509641873
1,9,"queen",30,110,3,1,1411,0.5134,1.0461,0.9549,16.6051,0.041,0.5,4.1026,0.365037037037037,0.566518518518519,0.00918518518518519,0.0592592592592593,0.237057220708447,0.683923705722071,0.0517711171662125,0.0272479564032698,4.74025974025974,6.22202928870293
1,10,"queen",30,108,4,4,1012,0.4365,0.9372,1.0247,10.4267,0.7011,0.1893,0.587,0.304296296296296,0.646518518518518,0.00355555555555556,0.0456296296296296,0,0.967302452316076,0.0217983651226158,0.0108991825613079,4.96397273612464,8.2566819431714
1,11,"queen",30,106,4,2,3766,0.5982,1.0625,0.9303,17.3817,0.3998,0.5812,1.5931,0.166814814814815,0.794666666666667,0.00059259259259259,0.0379259259259259,0,0.994550408719346,0.00544959128065395,0,3.69804618117229,7.437956748695
1,12,"queen",30,71,3,3,3501,0.6532,0.974,1.0955,13.8726,0.5804,0.6387,2.0724,0.0580740740740741,0.929481481481481,0,0.0124444444444444,0.00272479564032698,0.997275204359673,0,0,1.52040816326531,6.34703219636596
1,13,"queen",30,80,4,3,1997,0.4517,1.0197,0.9147,15.9372,0.3269,0.3454,2.7628,0.314074074074074,0.629925925925926,0.00029629629629629,0.0557037037037037,0.147138964577657,0.841961852861035,0.00272479564032698,0.00817438692098093,4.18679245283019,5.85396048918156
1,14,"queen",30,104,4,3,1367,0.4501,0.9729,1.097,15.7231,0.9347,0.7593,2.7501,0.315259259259259,0.573333333333333,0.0157037037037037,0.0957037037037037,0.0626702997275204,0.773841961852861,0.141689373297003,0.0217983651226158,4.12781954887218,5.91577777777778
1,15,"queen",30,106,3,2,1337,0.8819,0.9089,0.9982,10.1701,0.0781,0.4939,0.8875,0.165037037037037,0.808888888888889,0.00059259259259259,0.0254814814814815,0,0.994550408719346,0.00544959128065395,0,3.75583482944345,8.78820512820513
1,16,"queen",30,107,4,3,2782,0.7159,0.915,0.9691,11.0652,0.6917,0.2947,2.3405,0.0613333333333333,0.918222222222222,0,0.0204444444444444,0.0108991825613079,0.989100817438692,0,0,1.22705314009662,6.49273636656986
1,17,"queen",30,60,4,4,2925,0.5614,0.986,1.0426,19.1796,0.3672,0.0178,2.5433,0.104296296296296,0.877925925925926,0,0.0177777777777778,0.0490463215258856,0.942779291553134,0,0.00817438692098093,1.91477272727273,5.92131623354708
1,18,"queen",30,82,2,3,1579,0.2572,0.979,0.9821,19.9587,0.0706,0.0033,4.0237,0.428148148148148,0.488,0.00266666666666667,0.0811851851851852,0.386920980926431,0.463215258855586,0,0.149863760217984,5.12110726643599,6.22590771098968
1,19,"queen",30,89,4,3,1631,0.501,1.0615,1.0728,11.9595,0.1353,0.5086,4.5964,0.359407407407407,0.592296296296296,0.00029629629629629,0.048,0.291553133514986,0.667574931880109,0.00272479564032698,0.0381471389645777,4.75845012366035,6.04787893946973
1,20,"queen",30,61,2,2,3012,0.9875,0.9253,0.9344,14.2276,0.9183,0.8021,0.8073,0.0136296296296296,0.984888888888889,0,0.00148148148148148,0,1,0,0,0.608695652173913,10.0852166064982
1,21,"queen",30,114,3,3,3382,0.3486,0.9361,1.0917,15.3157,0.8817,0.5659,0.6606,0.208,0.738666666666667,0.00207407407407407,0.0512592592592593,0,0.978201634877384,0.0190735694822888,0.00272479564032698,4,9.20879261933413
1,22,"queen",30,117,2,4,3988,0.4584,0.9414,1.092,11.8234,0.121,0.279,2.4178,0.0882962962962963,0.902222222222222,0,0.00948148148148148,0.0245231607629428,0.97275204359673,0,0.00272479564032698,1.67785234899329,5.88720853858785
1,23,"queen",30,105,3,1,1389,0.3886,0.9022,1.0916,15.058,0.0623,0.1069,1.1851,0.314074074074074,0.602074074074074,0.010962962962963,0.0728888888888889,0,0.931880108991826,0.0626702997275204,0.00544959128065395,4.70188679245283,7.91125984251969
1,24,"queen",30,80,2,3,2344,0.7408,0.9203,1.0609,7.0306,0.892,0.1506,0.1367,0.0642962962962963,0.929185185185185,0,0.00651851851851852,0,1,0,0,2.036866359447,11.2776658163265
1,25,"queen",30,88,2,2,3290,0.5498,1.0325,0.9573,9.7571,0.4649,0.0528,3.4898,0.12562962962963,0.855111111111111,0,0.0192592592592593,0.122615803814714,0.847411444141689,0,0.0299727520435967,2.02830188679245,5.40252252252252
1,26,"queen",30,111,2,1,1392,0.9091,0.9412,0.9232,5.9255,0.5648,0.2009,3.4776,0.144592592592593,0.827851851851852,0,0.0275555555555556,0.0490463215258856,0.915531335149864,0,0.0354223433242507,2.3155737704918,5.57055118110236
1,27,"queen",30,119,2,3,3499,0.443,0.9309,0.909,16.7494,0.5365,0.8059,0.6641,0.219259259259259,0.728592592592593,0.0100740740740741,0.0420740740740741,0,0.907356948228883,0.0926430517711172,0,3.99459459459459,8.5229158194388
1,28,"queen",30,62,3,4,3446,0.4383,1.0819,0.9905,19.3386,0.1323,0.6282,4.728,0.174518518518519,0.750222222222222,0,0.0752592592592593,0.0408719346049046,0.959128065395095,0,0,3.4634974533107,6.32487361769352
1,29,"queen",30,61,2,2,3424,0.824,1.0269,1.0508,11.7284,0.9951,0.4146,4.6024,0.0405925925925926,0.951407407407407,0,0.008,0.0108991825613079,0.978201634877384,0,0.0108991825613079,1.03649635036496,6.97982559950171
1,30,"queen",30,103,4,4,1900,0.5932,1.0725,1.0124,8.9287,0.4025,0.3926,0.4799,0.224296296296296,0.744296296296296,0,0.0314074074074074,0,1,0,0,4.74240422721268,10.1465047770701
1,31,"queen",30,90,2,3,1095,0.2269,1.0562,0.957,11.7696,0.2155,0.6906,1.7634,0.38637037037037,0.503111111111111,0.0322962962962963,0.0782222222222222,0.0490463215258856,0.730245231607629,0.209809264305177,0.0108991825613079,4.99386503067485,7.31558892815077
1,32,"queen",30,94,2,4,1602,0.3724,0.9775,0.9614,10.4748,0.9609,0.8836,2.1162,0.354074074074074,0.555555555555556,0.0222222222222222,0.0681481481481482,0.00817438692098093,0.787465940054496,0.204359673024523,0,4.61422594142259,6.44317866666667
1,33,"queen",30,93,3,2,1675,0.2193,0.9251,0.9954,8.2295,0.2594,0.6061,3.8009,0.356148148148148,0.548740740740741,0.0142222222222222,0.0808888888888889,0.20708446866485,0.667574931880109,0.0899182561307902,0.0354223433242507,4.42928452579035,6.14539956803456
1,34,"queen",30,117,2,4,2930,0.6384,1.0069,0.9348,13.4155,0.3319,0.3425,0.5475,0.127703703703704,0.849481481481482,0,0.0228148148148148,0,1,0,0,2.99767981438515,8.76488664108825
1,35,"queen",30,96,2,3,2466,0.3126,0.9912,1.0108,18.8416,0.412,0.6165,2.276,0.368888888888889,0.528,0.0124444444444444,0.0906666666666667,0.0708446866485014,0.809264305177112,0.114441416893733,0.00544959128065395,4.65220883534137,6.65998316498317
1,36,"queen",30,74,4,3,3113,0.7004,1.0477,1.0888,13.1915,0.4553,0.2347,4.9508,0.10162962962963,0.888888888888889,0,0.00948148148148148,0.0517711171662125,0.94550408719346,0,0.00272479564032698,1.99416909620991,5.75016333333333
1,37,"queen",30,113,2,4,2063,0.509,1.0911,0.9856,8.9757,0.9494,0.4445,0.016,0.266666666666667,0.690666666666667,0,0.0426666666666667,0,1,0,0,4.95555555555556,10.5953196053196
1,38,"queen",30,103,3,1,1953,0.6626,1.0067,0.9193,10.1486,0.8532,0.1073,3.1995,0.204740740740741,0.765333333333333,0,0.0299259259259259,0.155313351498638,0.831062670299727,0,0.0136239782016349,3.14327062228654,5.58239256678281
1,39,"queen",30,92,3,4,2836,0.9616,1.0021,0.9528,13.7718,0.4757,0.9281,3.8095,0.0447407407407407,0.939555555555556,0.0082962962962963,0.00740740740740741,0.0108991825613079,0.907356948228883,0.0762942779291553,0.00544959128065395,0.847682119205298,6.56415957111321
1,40,"queen",30,85,2,3,2258,0.4984,0.9959,1.0483,8.0087,0.9869,0.1583,0.5823,0.181333333333333,0.776592592592593,0,0.0420740740740741,0,1,0,0,4.18300653594771,11.1299160625715
1,1,"queen",30,72,4,3,2818,0.317,1.0124,0.9557,9.9122,0.7539,0.4122,3.5211,0.305777777777778,0.631111111111111,0,0.0631111111111111,0.209809264305177,0.732970027247956,0,0.0572207084468665,3.77713178294574,5.5601455399061
1,2,"queen",30,69,4,3,3539,0.2389,0.9278,0.997,15.8838,0.2033,0.8486,3.954,0.240888888888889,0.659555555555556,0.0186666666666667,0.0808888888888889,0.0463215258855586,0.782016348773842,0.171662125340599,0,3.51045510455105,5.63366576819407
1,3,"queen",30,107,3,2,1825,0.6886,0.964,1.0916,5.6831,0.8576,0.9254,3.871,0.157037037037037,0.815111111111111,0.016,0.0118518518518519,0.0572207084468665,0.795640326975477,0.147138964577657,0,2.49056603773585,5.14018175209015
1,4,"queen",30,69,2,2,3738,0.774,1.0007,1.0737,5.0183,0.1756,0.7161,0.232,0.0162962962962963,0.982222222222222,0,0.00148148148148148,0,1,0,0,0.436363636363636,11.9749653092006
1,5,"queen",30,99,4,3,2119,0.871,0.9282,1.0322,13.8769,0.4121,0.4413,0.1816,0.077037037037037,0.912888888888889,0,0.0100740740740741,0,1,0,0,2.50769230769231,10.7861538461538
1,6,"queen",30,79,3,2,1574,0.3645,0.9792,0.9082,6.2527,0.3603,0.0802,3.4671,0.323555555555556,0.601185185185185,0,0.0752592592592593,0.182561307901907,0.732970027247956,0,0.0844686648501362,4.1959706959707,5.96549531789059
1,7,"queen",30,85,4,4,1217,0.9075,0.9758,0.9883,9.22,0.8253,0.4497,4.9228,0.193777777777778,0.785777777777778,0,0.0204444444444444,0.0926430517711172,0.885558583106267,0,0.0217983651226158,2.9388379204893,5.68420060331825
1,8,"queen",30,67,4,3,2904,0.3649,1.0532,1.034,6.4411,0.8454,0.227,1.906,0.245333333333333,0.700148148148148,0,0.0545185185185185,0.0190735694822888,0.980926430517711,0,0,4.07246376811594,6.12067710537452
1,9,"queen",30,77,4,3,2219,0.7933,1.0367,1.023,7.5573,0.5692,0.4211,0.2131,0.108740740740741,0.883555555555556,0,0.0077037037037037,0,1,0,0,3.06811989100817,9.97781690140845
1,10,"queen",30,77,4,4,1106,0.8337,1.0477,1.0678,8.3359,0.5271,0.8433,0.2649,0.164740740740741,0.779259259259259,0.0115555555555556,0.0444444444444444,0,0.891008174386921,0.106267029972752,0.00272479564032698,3.81294964028777,9.13430798479087
1,11,"queen",30,104,4,1,1367,0.622,1.024,1.0336,6.9461,0.8607,0.9195,4.7643,0.277037037037037,0.645925925925926,0.0231111111111111,0.0539259259259259,0.0517711171662125,0.732970027247956,0.212534059945504,0.00272479564032698,3.91229946524064,5.89624311926605
1,12,"queen",30,61,2,4,2302,0.8554,1.0182,1.0475,16.2421,0.6643,0.5448,2.0198,0.0717037037037037,0.912,0,0.0162962962962963,0.00817438692098093,0.980926430517711,0,0.0108991825613079,1.1900826446281,6.2017738791423
1,13,"queen",30,86,3,2,1629,0.9651,0.9905,1.0105,16.7695,0.3421,0.6444,1.156,0.144296296296296,0.828148148148148,0.00296296296296296,0.0245925925925926,0,0.964577656675749,0.0272479564032698,0.00817438692098093,3.13347022587269,8.14228264758497
1,14,"queen",30,103,3,1,2490,0.9747,1.072,1.0204,18.9973,0.4293,0.4027,3.3012,0.11762962962963,0.867259259259259,0,0.0151111111111111,0.103542234332425,0.896457765667575,0,0,2.4735516372796,6.23778954560984
1,15,"queen",30,61,2,2,1082,0.8568,0.9463,0.9699,18.8445,0.9007,0.9317,4.662,0.195259259259259,0.731555555555556,0.0254814814814815,0.0477037037037037,0.0245231607629428,0.754768392370572,0.220708446866485,0,3.31714719271624,6.70178209801539
1,16,"queen",30,98,2,1,2155,0.3774,0.9637,0.9359,7.0497,0.6233,0.2016,1.6625,0.286518518518519,0.656888888888889,0,0.0565925925925926,0.0517711171662125,0.942779291553134,0,0.00544959128065395,4.06204756980352,6.22284167794317
1,17,"queen",30,117,3,3,1689,0.5992,1.0268,1.0295,12.7303,0.8982,0.2734,0.4758,0.251555555555556,0.704592592592593,0.00059259259259259,0.0432592592592593,0,0.994550408719346,0.00544959128065395,0,4.60306242638398,8.11084104289319
1,18,"queen",30,86,3,4,2717,0.3384,1.0961,1.0921,16.7207,0.457,0.966,4.6254,0.375407407407407,0.535407407407407,0.0260740740740741,0.0631111111111111,0.0136239782016349,0.741144414168937,0.239782016348774,0.00544959128065395,5.05288082083662,6.70685666851135
1,19,"queen",30,69,3,1,1885,0.9084,1.0713,1.0456,6.8121,0.1433,0.611,3.14,0.093037037037037,0.892444444444444,0,0.0145185185185185,0.106267029972752,0.891008174386921,0,0.00272479564032698,3.07006369426752,9.33424634794157
1,20,"queen",30,86,3,2,1215,0.9715,1.0841,1.0669,12.3623,0.9714,0.0426,2.2919,0.203555555555556,0.776592592592593,0,0.0198518518518519,0.163487738419619,0.825613079019074,0,0.0108991825613079,3.1353711790393,5.22701259061427
1,21,"queen",30,95,2,2,2176,0.9636,1.0801,0.9958,11.5476,0.0716,0.3953,0.5785,0.106666666666667,0.880592592592593,0,0.0127407407407407,0,1,0,0,3.21111111111111,10.1423250336474
1,22,"queen",30,69,3,2,1866,0.5248,1.0792,1.0624,14.0807,0.8589,0.6451,0.7179,0.178666666666667,0.728888888888889,0.008,0.0844444444444444,0,0.923705722070845,0.0735694822888283,0.00272479564032698,4.13930348258706,8.64383739837398
1,23,"queen",30,90,3,1,1003,0.3045,0.9265,1.0392,18.6801,0.9598,0.8873,4.9327,0.339259259259259,0.529481481481481,0.0663703703703704,0.0648888888888889,0.108991825613079,0.64850136239782,0.23433242506812,0.00817438692098093,4.78602620087336,7.37368774482373
1,24,"queen",30,104,3,3,3976,0.8213,1.0359,0.9692,18.1336,0.7619,0.0385,1.4729,0.0426666666666667,0.951407407407407,0,0.00592592592592593,0,1,0,0,1.25,7.90450015571473
1,25,"queen",30,100,2,3,2957,0.7633,0.9734,1.0172,5.2938,0.1423,0.4861,3.9085,0.0518518518518519,0.943703703703704,0,0.00444444444444444,0.0299727520435967,0.970027247956403,0,0,0.925714285714286,6.34138461538461
1,26,"queen",30,71,4,4,2309,0.6898,0.9627,1.0363,15.3376,0.9466,0.5386,1.1553,0.0971851851851852,0.882666666666667,0,0.0201481481481481,0,1,0,0,2.35975609756098,7.17120510238335
1,27,"queen",30,72,4,4,3307,0.5057,0.9253,1.0776,19.0947,0.8274,0.7224,0.4009,0.124444444444444,0.853925925925926,0.00266666666666667,0.018962962962963,0,0.975476839237057,0.0245231607629428,0,3.70952380952381,10.1284455239417
1,28,"queen",30,76,2,2,3925,0.4142,1.0103,1.0351,9.6576,0.0618,0.2465,3.0451,0.152888888888889,0.808,0,0.0391111111111111,0.0217983651226158,0.978201634877384,0,0,3.09302325581395,6.46044737807114
1,29,"queen",30,70,3,4,1870,0.6944,1.0852,1.0011,16.2716,0.1304,0.3696,1.0595,0.170962962962963,0.780148148148148,0.00029629629629629,0.0485925925925926,0.00272479564032698,0.991825613079019,0.00272479564032698,0.00272479564032698,3.10571923743501,6.91150398784656
1,30,"queen",30,100,2,4,3454,0.8389,0.965,0.9394,12.8509,0.4411,0.4326,2.2081,0.0379259259259259,0.959703703703704,0,0.00237037037037037,0.00544959128065395,0.989100817438692,0,0.00544959128065395,0.765625,6.97278481012658
1,31,"queen",30,91,4,2,1274,0.6948,0.9818,1.0421,17.634,0.0984,0.8305,2.3552,0.305185185185185,0.634074074074074,0.0174814814814815,0.0432592592592593,0.0217983651226158,0.817438692098093,0.160762942779292,0,4.14174757281553,5.84644859813084
1,32,"queen",30,86,4,2,2219,0.552,0.9544,0.9687,17.1165,0.0754,0.1117,1.5051,0.232296296296296,0.742814814814815,0,0.0248888888888889,0.0245231607629428,0.975476839237057,0,0,4.05102040816327,5.87656561627443
1,33,"queen",30,92,4,2,1769,0.6179,0.9499,1.0726,17.7086,0.7321,0.6309,0.1401,0.203555555555556,0.730074074074074,0.0082962962962963,0.0580740740740741,0,0.923705722070845,0.0762942779291553,0,4.33478893740902,9.82366883116883
1,34,"queen",30,80,3,4,3888,0.7837,1.0183,0.9553,16.1807,0.6558,0.4674,2.8745,0.0388148148148148,0.960888888888889,0,0.00029629629629629,0.0136239782016349,0.986376021798365,0,0,0.717557251908397,6.46493370336109
1,35,"queen",30,113,2,4,1559,0.373,1.0224,0.9993,10.3222,0.8998,0.6704,1.51,0.335111111111111,0.58962962962963,0.0136296296296296,0.0616296296296296,0.00544959128065395,0.863760217983651,0.125340599455041,0.00544959128065395,4.81520778072502,6.59108542713568
1,36,"queen",30,74,4,4,2298,0.2857,1.0085,1.0173,6.4844,0.2307,0.7889,1.2799,0.296,0.609777777777778,0.0118518518518519,0.0823703703703704,0.00272479564032698,0.885558583106267,0.108991825613079,0.00272479564032698,4.19219219219219,6.79453352769679
1,37,"queen",30,68,2,2,1256,0.9851,1.0686,0.9039,8.8777,0.5058,0.8619,0.2326,0.151407407407407,0.808888888888889,0.0106666666666667,0.029037037037037,0,0.896457765667575,0.0980926430517711,0.00544959128065395,4.32093933463796,11.931706959707
1,38,"queen",30,120,3,4,1466,0.7069,0.9993,0.9186,8.1563,0.3944,0.4129,1.9012,0.264592592592593,0.696296296296296,0,0.0391111111111111,0.0381471389645777,0.93732970027248,0,0.0245231607629428,3.71108622620381,5.51893617021277
1,39,"queen",30,116,2,2,3053,0.6856,1.0422,1.0809,19.5373,0.6882,0.5376,2.6879,0.146074074074074,0.833777777777778,0,0.0201481481481481,0.0708446866485014,0.920980926430518,0,0.00817438692098093,2.55983772819473,5.81664889836532
1,40,"queen",30,91,4,2,2987,0.6816,0.9762,1.0268,14.1262,0.4565,0.9261,4.2504,0.116148148148148,0.84562962962963,0.0168888888888889,0.0213333333333333,0.0108991825613079,0.831062670299727,0.155313351498638,0.00272479564032698,2.04591836734694,5.56096706377015
1,1,"queen",30,98,4,2,2293,0.2579,0.9741,1.0786,19.5832,0.6826,0.4679,3.5822,0.366518518518519,0.542222222222222,0.0082962962962963,0.082962962962963,0.329700272479564,0.583106267029973,0.0490463215258856,0.0381471389645777,4.61924009700889,6.24941530054645
1,2,"queen",30,110,4,2,3393,0.3235,0.9995,0.9745,6.4874,0.6023,0.5864,3.9576,0.256296296296296,0.697185185185185,0.00088888888888888,0.0456296296296296,0.0517711171662125,0.940054495912807,0.00817438692098093,0,3.60693641618497,5.56616234594135
1,3,"queen",30,82,3,1,2643,0.3789,0.9202,0.9427,16.2381,0.858,0.2181,3.8633,0.256,0.696888888888889,0.00385185185185185,0.0432592592592593,0.141689373297003,0.76566757493188,0.0190735694822888,0.0735694822888283,3.89351851851852,5.69633078231293
1,4,"queen",30,89,4,1,3316,0.8144,1.0552,0.9566,11.4223,0.8207,0.6531,4.9141,0.0699259259259259,0.921185185185185,0,0.00888888888888889,0.0163487738419619,0.978201634877384,0,0.00544959128065395,1.61864406779661,6.41967835316822
1,5,"queen",30,102,4,4,1974,0.6333,1.012,0.9427,6.0751,0.7272,0.1801,4.0087,0.165333333333333,0.817777777777778,0,0.0168888888888889,0.136239782016349,0.852861035422343,0,0.0108991825613079,2.27956989247312,4.95904710144928
1,6,"queen",30,73,2,1,3200,0.8953,0.9958,1.0493,7.1033,0.2683,0.7135,3.0561,0.0459259259259259,0.953185185185185,0,0.00088888888888888,0.00544959128065395,0.994550408719346,0,0,1.31612903225806,7.58708423997513
1,7,"queen",30,110,2,3,2825,0.7555,0.9386,1.0851,16.4632,0.2432,0.8853,2.1601,0.100148148148148,0.889185185185185,0.00740740740740741,0.00325925925925926,0.0136239782016349,0.915531335149864,0.0681198910081744,0.00272479564032698,1.9585798816568,6.54122292569144
1,8,"queen",30,94,4,3,2432,0.8018,1.0948,1.0346,10.2053,0.9548,0.7503,3.5248,0.140444444444444,0.842666666666667,0,0.0168888888888889,0.0381471389645777,0.961852861035422,0,0,2.55696202531646,6.18264767932489
1,9,"queen",30,61,4,2,3744,0.4623,1.0197,1.0515,18.863,0.6012,0.6249,1.5751,0.166222222222222,0.794962962962963,0.00177777777777778,0.037037037037037,0,0.978201634877384,0.0163487738419619,0.00544959128065395,2.99465240641711,6.45120014908684
1,10,"queen",30,98,2,3,1027,0.2307,0.9555,0.9011,19.2039,0.0772,0.8437,4.0066,0.371259259259259,0.50162962962963,0.0408888888888889,0.0862222222222222,0.141689373297003,0.613079019073569,0.239782016348774,0.00544959128065395,4.69433359936153,7.00113408151211
1,11,"queen",30,108,2,2,1843,0.8985,1.048,0.9932,17.6726,0.3565,0.7177,0.8182,0.21362962962963,0.756148148148148,0.00533333333333333,0.0248888888888889,0,0.94550408719346,0.0490463215258856,0.00544959128065395,4.31345353675451,7.79349921630094
1,12,"queen",30,86,2,1,3235,0.7667,1.0974,1.0122,6.3055,0.7273,0.4878,4.138,0.0660740740740741,0.918222222222222,0,0.0157037037037037,0.0435967302452316,0.942779291553134,0,0.0136239782016349,1.47085201793722,6.38854146498871
1,13,"queen",30,64,3,1,2089,0.2327,1.0692,0.9774,5.4343,0.3986,0.641,2.164,0.304296296296296,0.584,0.0103703703703704,0.101333333333333,0.0517711171662125,0.852861035422343,0.0953678474114441,0,4.23563777994158,6.39376966007103
1,14,"queen",30,60,4,1,2090,0.3263,0.9768,1.0139,7.1175,0.7191,0.9077,1.5727,0.27762962962963,0.601185185185185,0.0248888888888889,0.0962962962962963,0,0.768392370572207,0.228882833787466,0.00272479564032698,4.14300960512273,7.02632331197634
1,15,"queen",30,67,2,4,3269,0.5504,0.9153,0.9267,12.6677,0.7594,0.2079,3.7558,0.0568888888888889,0.936592592592593,0,0.00651851851851852,0.0381471389645777,0.961852861035422,0,0,1.13541666666667,6.21440999683644
1,16,"queen",30,113,4,4,2719,0.7907,1.061,0.9982,15.6495,0.0544,0.3911,3.3372,0.144296296296296,0.841481481481481,0,0.0142222222222222,0.0217983651226158,0.975476839237057,0,0.00272479564032698,2.51745379876797,5.72338732394366
1,17,"queen",30,95,2,1,3514,0.8112,1.023,0.942,17.5863,0.3592,0.9047,4.7665,0.0871111111111111,0.886814814814815,0.0142222222222222,0.0118518518518519,0.0326975476839237,0.833787465940054,0.130790190735695,0.00272479564032698,1.61904761904762,6.45846976277982
1,18,"queen",30,95,4,4,1322,0.2456,0.9099,0.9356,6.5243,0.8927,0.1005,1.7861,0.369185185185185,0.563555555555556,0.00148148148148148,0.0657777777777778,0.0790190735694823,0.85558583106267,0.0136239782016349,0.0517711171662125,4.66131621187801,6.42064668769716
1,19,"queen",30,110,3,3,2566,0.2205,0.9374,1.0655,10.1403,0.4568,0.4043,3.2001,0.407407407407407,0.522666666666667,0.00029629629629629,0.0696296296296296,0.253405994550409,0.692098092643052,0.00272479564032698,0.0517711171662125,4.77527272727273,5.76201814058957
1,20,"queen",30,67,4,4,3485,0.9544,0.9415,1.0311,17.2375,0.7095,0.6403,2.0491,0.0234074074074074,0.976592592592593,0,0,0.00817438692098093,0.991825613079019,0,0,0.354430379746835,7.22325242718447
1,21,"queen",30,97,2,1,1018,0.2733,0.9267,0.9886,10.8576,0.1811,0.4656,3.7993,0.33362962962963,0.514962962962963,0.0447407407407407,0.106666666666667,0.356948228882834,0.479564032697548,0.138964577656676,0.0245231607629428,4.67140319715808,7.45952819332566
1,22,"queen",30,109,2,4,2851,0.94,0.9201,1.0936,7.9722,0.4329,0.47,3.9155,0.0405925925925926,0.955555555555556,0,0.00385185185185185,0.0490463215258856,0.950953678474114,0,0,0.759124087591241,6.58146976744186
1,23,"queen",30,96,4,3,3790,0.4693,0.9089,0.9128,9.003,0.6966,0.0778,4.6791,0.0957037037037037,0.895703703703704,0,0.00859259259259259,0.100817438692098,0.896457765667575,0,0.00272479564032698,1.74613003095975,5.84217664571618
1,24,"queen",30,119,3,1,2229,0.3394,1.0952,0.9674,10.3554,0.7005,0.1705,3.9251,0.399703703703704,0.502814814814815,0.00029629629629629,0.0971851851851852,0.433242506811989,0.46866485013624,0,0.0980926430517711,4.61378799110452,6.12916322922805
1,25,"queen",30,110,2,3,3557,0.6779,1.0738,1.0103,10.9522,0.09,0.0218,1.0704,0.124444444444444,0.861333333333333,0,0.0142222222222222,0.00272479564032698,0.997275204359673,0,0,3.07619047619048,7.82822497420021
1,26,"queen",30,78,4,4,3602,0.488,1.0083,1.0082,5.6335,0.9,0.4118,0.1772,0.0906666666666667,0.900444444444444,0,0.00888888888888889,0,1,0,0,2.98039215686275,10.1972523856532
1,27,"queen",30,70,4,2,2549,0.4571,1.0744,0.992,11.7524,0.6848,0.4528,0.9839,0.259259259259259,0.668740740740741,0.00029629629629629,0.0717037037037037,0,0.997275204359673,0.00272479564032698,0,4.55085714285714,8.49702702702703
1,28,"queen",30,70,4,2,1955,0.2052,0.9901,1.0791,14.8704,0.0502,0.6629,3.5868,0.395851851851852,0.506666666666667,0.0195555555555556,0.0779259259259259,0.228882833787466,0.599455040871935,0.141689373297003,0.0299727520435967,5.05089820359281,7.18287134502924
1,29,"queen",30,95,4,2,2224,0.3995,0.9599,1.0829,14.4599,0.3156,0.7407,2.9256,0.300148148148148,0.617777777777778,0.0118518518518519,0.0702222222222222,0.0899182561307902,0.801089918256131,0.108991825613079,0,3.95656465942744,5.90188489208633
1,30,"queen",30,110,4,4,2100,0.3297,1.0936,1.0084,16.5288,0.1599,0.4229,1.3695,0.380148148148148,0.517333333333333,0.00622222222222222,0.0962962962962963,0.0190735694822888,0.929155313351499,0.0490463215258856,0.00272479564032698,4.68901013250195,6.63849369988545
1,31,"queen",30,119,2,4,1750,0.7018,0.9263,0.9429,14.4223,0.5185,0.3597,2.7215,0.164148148148148,0.815407407407407,0,0.0204444444444444,0.0899182561307902,0.901907356948229,0,0.00817438692098093,2.3971119133574,5.32433502906977
1,32,"queen",30,94,4,1,1674,0.4002,0.9706,1.027,5.7779,0.3852,0.03,4.5713,0.293333333333333,0.664,0.00029629629629629,0.0423703703703704,0.430517711171662,0.550408719346049,0,0.0190735694822888,4.22828282828283,5.36821062025881
1,33,"queen",30,111,4,1,1794,0.8123,1.0332,0.9152,19.1313,0.0876,0.9275,3.2492,0.172148148148148,0.770962962962963,0.0213333333333333,0.0355555555555556,0.0326975476839237,0.768392370572207,0.196185286103542,0.00272479564032698,2.9776247848537,5.45062644119908
1,34,"queen",30,62,3,3,1684,0.4483,0.9911,1.0676,5.2197,0.7112,0.2708,2.0354,0.210962962962963,0.736888888888889,0,0.0521481481481481,0.0272479564032698,0.964577656675749,0,0.00817438692098093,3.37078651685393,5.84236027342179
1,35,"queen",30,112,2,4,1129,0.6143,0.9171,1.0605,17.577,0.1182,0.958,2.9506,0.334222222222222,0.589037037037037,0.0254814814814815,0.0512592592592593,0.0844686648501362,0.681198910081744,0.23433242506812,0,4.42730496453901,6.35523641851107
1,36,"queen",30,82,3,4,2570,0.2372,0.9259,0.9807,5.7787,0.1953,0.5033,3.01,0.300740740740741,0.63762962962963,0.00088888888888888,0.0607407407407407,0.0926430517711172,0.863760217983651,0.00817438692098093,0.0354223433242507,3.8935960591133,5.72743029739777
1,37,"queen",30,98,2,1,2038,0.8608,1.0905,1.0197,8.7305,0.8262,0.5979,4.4289,0.160296296296296,0.823111111111111,0,0.0165925925925926,0.0463215258855586,0.953678474114441,0,0,2.93900184842884,6.04232541396688
1,38,"queen",30,62,3,4,1214,0.7176,1.0143,1.0073,5.009,0.2478,0.4431,3.5303,0.138666666666667,0.828148148148148,0,0.0331851851851852,0.133514986376022,0.836512261580381,0,0.0299727520435967,2.46153846153846,5.25597495527728
1,39,"queen",30,102,4,3,1471,0.4967,0.9492,0.9621,15.317,0.8043,0.5604,3.8103,0.342814814814815,0.602962962962963,0.00266666666666667,0.0515555555555556,0.130790190735695,0.844686648501362,0.0245231607629428,0,4.43042350907519,5.74861916461916
1,40,"queen",30,110,3,3,3322,0.3109,1.0335,1.0888,7.3592,0.144,0.7158,1.8938,0.329481481481481,0.612740740740741,0.00266666666666667,0.0551111111111111,0.0217983651226158,0.953678474114441,0.0245231607629428,0,4.22841726618705,5.65018858800774
1,1,"queen",30,113,4,4,2738,0.347,1.0373,0.9298,19.1669,0.3645,0.9285,3.6462,0.41362962962963,0.522962962962963,0.0195555555555556,0.0438518518518519,0.0599455040871935,0.749318801089918,0.177111716621253,0.0136239782016349,5.17335243553009,6.43260056657224
1,2,"queen",30,82,2,3,1533,0.6479,0.9125,1.0127,13.1841,0.0958,0.5185,0.8653,0.201777777777778,0.759703703703704,0.00266666666666667,0.0358518518518519,0,0.967302452316076,0.0245231607629428,0.00817438692098093,3.70631424375918,8.03394695787832
1,3,"queen",30,117,2,3,2257,0.8439,1.0631,0.9765,5.564,0.1465,0.8743,1.2718,0.109037037037037,0.875555555555556,0.00474074074074074,0.0106666666666667,0,0.950953678474114,0.0435967302452316,0.00544959128065395,2.32608695652174,6.72244331641286
1,4,"queen",30,100,3,2,2616,0.6564,1.0263,1.0556,8.9079,0.5866,0.2167,4.3364,0.155259259259259,0.826962962962963,0,0.0177777777777778,0.0817438692098093,0.880108991825613,0,0.0381471389645777,2.60687022900763,5.44421354353278
1,5,"queen",30,75,2,1,1587,0.399,0.9783,1.037,14.4803,0.9777,0.4532,1.4016,0.295407407407407,0.608296296296296,0.0165925925925926,0.0797037037037037,0,0.880108991825613,0.11716621253406,0.00272479564032698,4.53560682046138,7.16305893813931
1,6,"queen",30,69,4,4,2073,0.7987,0.9511,0.9096,15.5807,0.1982,0.2166,3.5715,0.104888888888889,0.888296296296296,0,0.00681481481481482,0.11716621253406,0.88283378746594,0,0,2.68361581920904,6.90896264176117
1,7,"queen",30,93,3,3,1483,0.5339,0.9838,1.0553,5.7005,0.2092,0.22,3.112,0.252148148148148,0.701037037037037,0,0.0468148148148148,0.226158038147139,0.76566757493188,0,0.00817438692098093,3.47826086956522,5.33391800507185
1,8,"queen",30,101,4,2,1812,0.4291,0.951,0.921,7.7127,0.4728,0.7984,4.6139,0.295111111111111,0.661333333333333,0.0118518518518519,0.0317037037037037,0.0817438692098093,0.803814713896458,0.108991825613079,0.00544959128065395,4.14056224899598,5.80601702508961
1,9,"queen",30,78,2,1,3085,0.4913,1.0395,0.9139,10.9082,0.3138,0.1419,1.4284,0.196740740740741,0.754074074074074,0,0.0491851851851852,0.00817438692098093,0.991825613079019,0,0,3.67469879518072,7.14444007858546
1,10,"queen",30,79,2,4,2863,0.5331,0.9054,1.0045,7.1583,0.8884,0.7814,2.8527,0.096,0.89362962962963,0.00088888888888888,0.00948148148148148,0.0136239782016349,0.964577656675749,0.00817438692098093,0.0136239782016349,1.98148148148148,6.03952586206897
1,11,"queen",30,61,2,4,1727,0.5713,1.0851,1.0181,8.6072,0.2679,0.0026,0.2,0.195259259259259,0.757037037037037,0,0.0477037037037037,0,0.994550408719346,0,0.00544959128065395,4.35811836115326,9.50767514677104
1,12,"queen",30,116,3,2,2518,0.3978,1.0475,0.9447,14.0804,0.9949,0.4743,2.5249,0.328,0.592592592592593,0.00237037037037037,0.077037037037037,0.0953678474114441,0.871934604904632,0.0217983651226158,0.0108991825613079,4.22583559168925,6.197665
1,13,"queen",30,78,2,2,1517,0.6217,1.0372,1.0188,14.6265,0.5964,0.4165,1.0603,0.269925925925926,0.661037037037037,0.00503703703703704,0.064,0.00272479564032698,0.94550408719346,0.0435967302452316,0.00817438692098093,4.33369923161361,7.83230838189153
1,14,"queen",30,106,3,4,2341,0.5336,0.9696,1.0404,17.7812,0.2587,0.092,3.6696,0.169777777777778,0.782222222222222,0,0.048,0.332425068119891,0.629427792915531,0,0.0381471389645777,2.64921465968586,5.46731439393939
1,15,"queen",30,94,2,1,1417,0.8545,0.9905,1.0779,6.6071,0.4803,0.6071,0.8877,0.172444444444444,0.799703703703704,0.00029629629629629,0.0275555555555556,0,0.994550408719346,0.00272479564032698,0.00272479564032698,3.69072164948454,8.04752871433864
1,16,"queen",30,80,4,1,3240,0.7318,0.9115,1.038,15.9177,0.4462,0.5008,1.0617,0.0794074074074074,0.915851851851852,0,0.00474074074074074,0.00272479564032698,0.997275204359673,0,0,2.47761194029851,7.42016175994824
1,17,"queen",30,78,2,1,3174,0.8083,1.0279,0.9448,19.8698,0.8941,0.3533,4.8942,0.0927407407407407,0.889777777777778,0,0.0174814814814815,0.0354223433242507,0.964577656675749,0,0,1.88498402555911,6.39688644688645
1,18,"queen",30,98,4,1,2188,0.3396,1.0262,1.0137,6.5315,0.8691,0.9876,2.7636,0.331259259259259,0.578666666666667,0.0275555555555556,0.0625185185185185,0.0217983651226158,0.722070844686649,0.253405994550409,0.00272479564032698,4.73703041144902,6.40520737327189
1,19,"queen",30,63,3,4,1055,0.8131,1.0024,1.0843,8.44,0.5907,0.626,3.6945,0.194962962962963,0.761185185185185,0.00029629629629629,0.0435555555555556,0.0708446866485014,0.926430517711172,0.00272479564032698,0,3.08510638297872,5.45114052160374
1,20,"queen",30,113,2,4,2468,0.2379,0.9619,1.0148,17.5916,0.8832,0.3582,2.1376,0.376296296296296,0.540444444444444,0.00266666666666667,0.0805925925925926,0.136239782016349,0.82016348773842,0.0245231607629428,0.0190735694822888,4.45984251968504,6.28167214912281
1,21,"queen",30,119,2,3,3467,0.6179,0.9545,0.9008,7.6257,0.3823,0.5661,4.2752,0.0811851851851852,0.911111111111111,0,0.0077037037037037,0.0163487738419619,0.97275204359673,0,0.0108991825613079,1.61313868613139,5.78062113821138
1,22,"queen",30,63,3,3,1139,0.9009,0.9364,0.905,15.1314,0.0548,0.0915,3.8472,0.143111111111111,0.821925925925926,0,0.034962962962963,0.0653950953678474,0.931880108991826,0,0.00272479564032698,2.25258799171843,5.26055155010815
1,23,"queen",30,104,2,4,1525,0.9463,1.0974,1.0142,17.473,0.6917,0.8282,4.0858,0.141925925925926,0.829333333333333,0.00740740740740741,0.0213333333333333,0.0163487738419619,0.907356948228883,0.0681198910081744,0.00817438692098093,2.25469728601253,5.0583065380493
1,24,"queen",30,97,3,2,3404,0.506,0.9404,0.9242,13.0733,0.5938,0.8058,3.5724,0.145185185185185,0.834666666666667,0.00533333333333333,0.0148148148148148,0.0326975476839237,0.915531335149864,0.0490463215258856,0.00272479564032698,2.50612244897959,5.83263045793397
1,25,"queen",30,82,2,3,1972,0.2809,1.0722,0.9032,8.347,0.6898,0.6441,3.7203,0.401481481481481,0.50162962962963,0.010962962962963,0.0859259259259259,0.0708446866485014,0.82016348773842,0.100817438692098,0.00817438692098093,4.88708487084871,6.29063201417602
1,26,"queen",30,111,3,2,3628,0.9316,1.0112,1.0573,18.6705,0.1969,0.3992,4.5178,0.0477037037037037,0.944296296296296,0,0.008,0.0572207084468665,0.940054495912807,0,0.00272479564032698,1.21739130434783,7.36412927518042
1,27,"queen",30,85,3,4,3107,0.3381,1.0735,1.0577,13.3446,0.0135,0.1105,4.9965,0.291555555555556,0.631407407407407,0,0.077037037037037,0.237057220708447,0.659400544959128,0,0.103542234332425,3.44918699186992,4.92455185358986
1,28,"queen",30,112,2,1,3491,0.4645,0.9757,0.9219,15.5448,0.3281,0.5094,0.1322,0.168592592592593,0.779851851851852,0.00029629629629629,0.0512592592592593,0,0.997275204359673,0.00272479564032698,0,4.18277680140597,10.693202887538
1,29,"queen",30,84,2,4,2859,0.2012,1.0202,0.9231,10.548,0.5352,0.6463,2.224,0.394074074074074,0.507555555555556,0.00681481481481482,0.0915555555555556,0.130790190735695,0.779291553133515,0.0626702997275204,0.0272479564032698,4.58195488721805,6.05867483946293
1,30,"queen",30,107,2,2,3689,0.9485,0.9903,1.0554,12.0811,0.12,0.7835,3.9389,0.0391111111111111,0.959407407407407,0,0.00148148148148148,0.0354223433242507,0.961852861035422,0,0.00272479564032698,0.954545454545455,6.28591414453366
1,31,"queen",30,82,2,3,1533,0.6479,0.9125,1.0127,13.1841,0.0958,0.5185,0.8653,0.201777777777778,0.759703703703704,0.00266666666666667,0.0358518518518519,0,0.967302452316076,0.0245231607629428,0.00817438692098093,3.70631424375918,8.03394695787832
1,32,"queen",30,68,4,4,3818,0.7294,0.9305,1.0385,11.6937,0.2965,0.8175,2.0686,0.0171851851851852,0.981333333333333,0,0.00148148148148148,0.00272479564032698,0.994550408719346,0,0.00272479564032698,0.517241379310345,7.76215277777778
1,33,"queen",30,89,4,4,2505,0.6044,1.0334,1.033,17.704,0.2231,0.4854,0.3003,0.169777777777778,0.786074074074074,0,0.0441481481481481,0,1,0,0,3.75567190226876,9.29055785902752
1,34,"queen",30,92,3,3,2994,0.2723,1.0286,0.9461,9.513,0.7165,0.4387,4.8571,0.337777777777778,0.561481481481481,0,0.100740740740741,0.326975476839237,0.626702997275204,0,0.0463215258855586,3.91228070175439,5.51703957783641
1,35,"queen",30,88,2,2,2731,0.8571,1.0943,0.9102,10.7134,0.5209,0.3434,3.1475,0.0802962962962963,0.912888888888889,0,0.00681481481481482,0.0490463215258856,0.950953678474114,0,0,1.82287822878229,5.81344044141512
1,36,"queen",30,72,4,3,1642,0.8448,0.9452,0.9332,7.2651,0.1373,0.0934,2.5962,0.0974814814814815,0.885333333333333,0,0.0171851851851852,0.0544959128065395,0.93732970027248,0,0.00817438692098093,1.90881458966565,6.01072958500669
1,37,"queen",30,95,2,4,1051,0.2772,0.9087,1.0481,17.9074,0.0897,0.0244,4.6955,0.404740740740741,0.504888888888889,0.00592592592592593,0.0844444444444444,0.528610354223433,0.405994550408719,0,0.0653950953678474,4.72913616398243,6.23702464788732
1,38,"queen",30,111,2,3,3628,0.7281,0.9243,0.937,10.0492,0.622,0.2709,1.2369,0.0325925925925926,0.964444444444444,0,0.00296296296296296,0,1,0,0,0.981818181818182,7.75068817204301
1,39,"queen",30,95,3,3,3283,0.278,0.9145,1.0529,12.6267,0.9698,0.0541,0.1057,0.198814814814815,0.752888888888889,0,0.0482962962962963,0,1,0,0,4.31892697466468,9.75360487996852
1,40,"queen",30,68,3,2,3645,0.2707,1.0478,0.9925,5.6244,0.3863,0.5585,2.2113,0.262222222222222,0.663407407407407,0.00029629629629629,0.0740740740740741,0.0190735694822888,0.975476839237057,0.00272479564032698,0.00272479564032698,4.26214689265537,6.08519874944172
1,1,"queen",30,110,2,3,1249,0.612,0.9969,1.0314,8.1457,0.3979,0.3805,1.5891,0.310518518518519,0.649777777777778,0.00029629629629629,0.0394074074074074,0.00544959128065395,0.97275204359673,0.00272479564032698,0.0190735694822888,4.58206106870229,7.008764249886
1,2,"queen",30,102,2,2,2700,0.6045,0.9148,1.0734,10.9317,0.7772,0.2039,0.9657,0.126222222222222,0.847703703703704,0,0.0260740740740741,0,1,0,0,2.91549295774648,8.29939881160433
1,3,"queen",30,112,2,1,2780,0.8185,0.9429,1.0079,5.621,0.333,0.2943,2.6842,0.0385185185185185,0.953185185185185,0,0.0082962962962963,0.00817438692098093,0.991825613079019,0,0,0.784615384615385,6.73393223500155
1,4,"queen",30,75,3,4,3785,0.9022,1.0889,1.0478,5.1223,0.9492,0.3577,1.012,0.0186666666666667,0.980148148148148,0,0.00118518518518519,0,1,0,0,0.603174603174603,10.388431076179
1,5,"queen",30,97,2,3,2597,0.508,0.9873,0.9931,5.4916,0.1996,0.9528,0.2383,0.148444444444444,0.806814814814815,0.0234074074074074,0.0213333333333333,0,0.782016348773842,0.215258855585831,0.00272479564032698,3.83632734530938,9.49862284245318
1,6,"queen",30,104,3,1,1125,0.3386,0.9249,0.9814,18.5451,0.0391,0.0108,1.5365,0.353185185185185,0.530666666666667,0.0266666666666667,0.0894814814814815,0.0463215258855586,0.757493188010899,0.108991825613079,0.0871934604904632,4.9261744966443,7.30836962590731
1,7,"queen",30,89,2,4,1147,0.5985,0.9054,1.037,10.2727,0.7146,0.6087,4.758,0.260740740740741,0.68237037037037,0.00118518518518519,0.0557037037037037,0.128065395095368,0.833787465940054,0.0108991825613079,0.0272479564032698,3.525,5.59634389926183
1,8,"queen",30,104,2,1,1343,0.2412,0.9151,0.9855,13.8545,0.9565,0.4945,0.8214,0.238518518518519,0.618666666666667,0.0405925925925926,0.102222222222222,0,0.839237057220708,0.147138964577657,0.0136239782016349,4.48447204968944,8.52536877394636
1,9,"queen",30,113,4,2,1050,0.4187,1.0631,0.9174,7.9318,0.1394,0.3971,3.7281,0.411259259259259,0.509037037037037,0.00385185185185185,0.0758518518518519,0.340599455040872,0.596730245231608,0.0272479564032698,0.0354223433242507,4.76945244956772,5.81808498253783
1,10,"queen",30,91,4,3,1203,0.8995,0.9941,0.9524,15.3204,0.0868,0.023,3.5564,0.190222222222222,0.784592592592593,0,0.0251851851851852,0.264305177111717,0.719346049046321,0,0.0163487738419619,2.50155763239875,5.10551359516616
1,11,"queen",30,78,4,3,1658,0.7293,0.9592,1.0337,19.8555,0.8673,0.7434,0.6192,0.188740740740741,0.767111111111111,0.00740740740740741,0.0367407407407407,0,0.926430517711172,0.0681198910081744,0.00544959128065395,4.34850863422292,10.4729857087679
1,12,"queen",30,96,4,2,1167,0.2134,0.9055,1.0103,13.532,0.6652,0.7963,0.3969,0.297777777777778,0.595555555555556,0.0432592592592593,0.0634074074074074,0,0.782016348773842,0.217983651226158,0,5.10646766169154,9.58529353233831
1,13,"queen",30,97,3,2,1340,0.731,1.095,0.9301,11.63,0.4848,0.3721,4.3654,0.273777777777778,0.664592592592593,0.00029629629629629,0.0613333333333333,0.193460490463215,0.801089918256131,0.00272479564032698,0.00272479564032698,3.75108225108225,5.36349531876951
1,14,"queen",30,79,3,1,2427,0.7787,1.0173,0.9724,15.8481,0.1108,0.7806,0.7984,0.143703703703704,0.832,0.008,0.0162962962962963,0,0.923705722070845,0.0735694822888283,0.00272479564032698,4.33814432989691,10.1783725071225
1,15,"queen",30,73,4,4,2815,0.9423,0.9178,0.9753,10.9653,0.0068,0.7481,1.4743,0.0177777777777778,0.977481481481482,0,0.00474074074074074,0,1,0,0,0.5,9.27714762049106
1,16,"queen",30,101,3,4,2166,0.3074,1.092,1.0928,19.3663,0.9959,0.7078,3.8574,0.337777777777778,0.539555555555556,0.00651851851851852,0.116148148148148,0.185286103542234,0.727520435967302,0.0599455040871935,0.0272479564032698,4.39298245614035,6.25717188358045
1,17,"queen",30,97,3,2,3423,0.6674,0.9887,1.0343,9.9541,0.1057,0.4631,2.9744,0.0607407407407407,0.930074074074074,0,0.00918518518518519,0.0408719346049046,0.950953678474114,0,0.00817438692098093,1.17073170731707,5.64945205479452
1,18,"queen",30,108,2,4,2558,0.45,0.9372,1.0399,6.33,0.7078,0.465,3.6008,0.189037037037037,0.789333333333333,0,0.0216296296296296,0.0544959128065395,0.929155313351499,0,0.0163487738419619,2.94984326018809,5.60542042042042
1,19,"queen",30,90,4,3,2067,0.555,1.0717,1.0248,9.5455,0.0525,0.5789,3.7204,0.258074074074074,0.703111111111111,0,0.0388148148148148,0.11716621253406,0.841961852861035,0,0.0408719346049046,3.58668197474168,5.05474083438685
1,20,"queen",30,62,4,3,1218,0.3663,1.0913,1.0886,18.867,0.4306,0.1038,2.789,0.410074074074074,0.493037037037037,0.00088888888888888,0.096,0.196185286103542,0.70299727520436,0.00817438692098093,0.0926430517711172,4.8092485549133,6.64651442307692
1,21,"queen",30,63,3,2,3694,0.2056,0.9564,1.0112,19.3762,0.8372,0.271,4.7597,0.244740740740741,0.667259259259259,0.00414814814814815,0.0838518518518519,0.272479564032698,0.670299727520436,0,0.0572207084468665,3.87651331719128,5.91236234458259
1,22,"queen",30,105,4,1,3280,0.4289,1.0051,1.0154,16.329,0.7445,0.8757,3.5158,0.243851851851852,0.686222222222222,0.0195555555555556,0.0503703703703704,0.0381471389645777,0.782016348773842,0.17983651226158,0,4.15552855407047,6.3792530224525
1,23,"queen",30,114,2,1,1805,0.456,0.9791,0.9013,5.2769,0.9805,0.872,4.8779,0.300740740740741,0.633185185185185,0.0192592592592593,0.0468148148148148,0.0871934604904632,0.722070844686649,0.177111716621253,0.0136239782016349,4.31527093596059,6.40238184370613
1,24,"queen",30,102,2,3,2908,0.2919,0.9831,1.0813,7.9591,0.6348,0.7613,3.1741,0.283259259259259,0.640888888888889,0.00948148148148148,0.0663703703703704,0.0326975476839237,0.863760217983651,0.0871934604904632,0.0163487738419619,3.81380753138075,5.91872399445215
1,25,"queen",30,112,3,4,2475,0.2339,0.9056,0.9156,14.1267,0.2005,0.8176,4.3526,0.368592592592593,0.535407407407407,0.018962962962963,0.077037037037037,0.0681198910081744,0.749318801089918,0.174386920980926,0.00817438692098093,4.51446945337621,6.06978417266187
1,26,"queen",30,69,2,2,1701,0.888,0.9413,1.0647,14.3174,0.8114,0.2821,4.4196,0.100740740740741,0.888296296296296,0,0.010962962962963,0.138964577656676,0.861035422343324,0,0,2.16470588235294,6.09606070713809
1,27,"queen",30,67,2,4,2647,0.4662,1.0654,0.9783,6.3661,0.3716,0.812,2.0899,0.207407407407407,0.733925925925926,0.00474074074074074,0.0539259259259259,0.0136239782016349,0.942779291553134,0.0435967302452316,0,3.10571428571429,6.91728704077513
1,28,"queen",30,90,2,2,1019,0.4736,0.9906,0.9741,17.5076,0.5732,0.7564,1.9068,0.335111111111111,0.541333333333333,0.0245925925925926,0.098962962962963,0.0871934604904632,0.713896457765668,0.190735694822888,0.00817438692098093,4.34129089301503,6.87325670498084
1,29,"queen",30,61,4,3,3066,0.9162,0.9779,0.9745,6.9612,0.1768,0.4982,3.9664,0.0168888888888889,0.981333333333333,0,0.00177777777777778,0.0163487738419619,0.983651226158038,0,0,0.175438596491228,7.40041968599034
1,30,"queen",30,85,4,2,2313,0.4085,0.917,0.9928,10.8663,0.603,0.6349,1.7913,0.27437037037037,0.675259259259259,0.00622222222222222,0.0441481481481481,0.00544959128065395,0.926430517711172,0.0572207084468665,0.0108991825613079,4.20086393088553,6.95379552435279
1,31,"queen",30,75,3,3,1725,0.4459,1.0433,1.0412,8.686,0.4706,0.353,1.0951,0.229333333333333,0.670814814814815,0,0.0998518518518519,0,1,0,0,3.61240310077519,7.08225706713781
1,32,"queen",30,103,2,2,1640,0.7192,1.0028,1.0484,14.0955,0.1754,0.0902,2.8555,0.223703703703704,0.741925925925926,0,0.0343703703703704,0.258855585831063,0.686648501362398,0,0.0544959128065395,3.35894039735099,5.25945287539936
1,33,"queen",30,68,4,4,1322,0.6938,1.0229,0.9511,14.7902,0.9049,0.9817,2.4674,0.268444444444444,0.659259259259259,0.0260740740740741,0.0462222222222222,0.0163487738419619,0.743869209809264,0.239782016348774,0,3.90286975717439,5.88173033707865
1,34,"queen",30,91,2,1,1744,0.5428,1.0545,0.9117,14.4916,0.0061,0.9787,0.5921,0.228148148148148,0.691555555555556,0.0254814814814815,0.0548148148148148,0,0.768392370572207,0.231607629427793,0,4.68311688311688,9.46531276778063
1,35,"queen",30,85,4,3,2717,0.6065,1.0126,0.9266,12.4721,0.051,0.3828,0.9139,0.166518518518519,0.822518518518519,0,0.010962962962963,0,1,0,0,3.7153024911032,7.48114913544669
1,36,"queen",30,105,3,1,3511,0.9919,0.9804,1.0787,9.1044,0.4125,0.0942,2.55,0.0213333333333333,0.97362962962963,0,0.00503703703703704,0.0136239782016349,0.980926430517711,0,0.00544959128065395,0.805555555555556,7.04625076080341
1,37,"queen",30,112,4,4,2478,0.6669,0.9166,0.9449,12.5865,0.666,0.3393,4.2231,0.0939259259259259,0.898666666666667,0,0.00740740740740741,0.0572207084468665,0.942779291553134,0,0,1.57097791798107,5.35029343883943
1,38,"queen",30,73,2,4,2863,0.6076,1.0619,0.9175,9.1302,0.3705,0.0247,3.2745,0.104296296296296,0.871703703703704,0,0.024,0.182561307901907,0.809264305177112,0,0.00817438692098093,2.22159090909091,6.07952413324269
1,39,"queen",30,76,3,3,1810,0.5313,0.9567,0.9028,15.8773,0.4847,0.6423,0.1242,0.216888888888889,0.721777777777778,0.00740740740740741,0.0539259259259259,0,0.929155313351499,0.0681198910081744,0.00272479564032698,4.70218579234973,11.5729844006568
1,40,"queen",30,69,4,1,3707,0.3048,0.9545,0.9337,11.5944,0.6535,0.0171,4.0277,0.221037037037037,0.730666666666667,0,0.0482962962962963,0.196185286103542,0.746594005449591,0,0.0572207084468665,3.45040214477212,5.31220600162206
1,1,"queen",30,104,2,3,1566,0.2538,1.0557,0.9265,7.4553,0.6383,0.6964,0.0112,0.261925925925926,0.638814814814815,0.0174814814814815,0.0817777777777778,0,0.839237057220708,0.155313351498638,0.00544959128065395,4.75339366515837,10.3565445269017
1,2,"queen",30,87,4,4,3755,0.6121,1.0272,0.9408,17.0286,0.6965,0.4511,0.3334,0.112592592592593,0.864296296296296,0,0.0231111111111111,0,1,0,0,3.54736842105263,11.6985155982173
1,3,"queen",30,101,3,3,3454,0.8463,1.0574,1.0079,9.7828,0.9986,0.2831,4.1392,0.0557037037037037,0.934814814814815,0,0.00948148148148148,0.0190735694822888,0.950953678474114,0,0.0299727520435967,1.22340425531915,6.53193977812995
1,4,"queen",30,70,3,1,3936,0.7887,1.0923,0.9959,5.5545,0.2939,0.9965,3.2693,0.0157037037037037,0.950518518518519,0.0278518518518519,0.00592592592592593,0.0163487738419619,0.727520435967302,0.256130790190736,0,0.415094339622642,7.57291770573566
1,5,"queen",30,108,2,2,3728,0.4945,0.9786,0.9707,16.475,0.7539,0.7027,2.6332,0.23762962962963,0.70637037037037,0.00207407407407407,0.0539259259259259,0.0245231607629428,0.953678474114441,0.0190735694822888,0.00272479564032698,3.81047381546135,6.25203859060403
1,6,"queen",30,69,3,3,1229,0.6062,1.0961,0.978,17.1376,0.1967,0.7623,2.5634,0.30962962962963,0.604148148148148,0.0115555555555556,0.0746666666666667,0.0762942779291553,0.814713896457766,0.103542234332425,0.00544959128065395,4.09952153110048,5.96425208435508
1,7,"queen",30,72,4,3,2586,0.774,1.0867,1.0538,5.1667,0.7182,0.0014,1.4561,0.0654814814814815,0.931555555555556,0,0.00296296296296296,0,1,0,0,1.3393665158371,6.43107506361323
1,8,"queen",30,117,4,3,1261,0.3072,1.054,0.964,18.1674,0.376,0.3495,3.687,0.43437037037037,0.474074074074074,0.00148148148148148,0.0900740740740741,0.416893732970027,0.498637602179836,0.00272479564032698,0.0817438692098093,4.83765347885402,6.3116125
1,9,"queen",30,99,4,2,3397,0.8416,0.996,1.0653,10.9977,0.6471,0.9207,4.0955,0.0465185185185185,0.944296296296296,0.00681481481481482,0.00237037037037037,0.0299727520435967,0.907356948228883,0.0626702997275204,0,0.89171974522293,5.74477878882962
1,10,"queen",30,81,4,2,3115,0.4048,1.0928,0.9044,12.8671,0.3832,0.7983,1.9814,0.29837037037037,0.605333333333333,0.0103703703703704,0.0859259259259259,0.0163487738419619,0.888283378746594,0.0953678474114441,0,4.1648460774578,6.45686245717083
1,11,"queen",30,104,4,1,3675,0.4538,0.9212,1.0009,15.427,0.7725,0.19,2.76,0.194074074074074,0.771851851851852,0,0.0340740740740741,0.14441416893733,0.828337874659401,0,0.0272479564032698,3.31297709923664,5.63013819577735
1,12,"queen",30,92,4,3,3734,0.2467,0.9327,1.0338,9.6069,0.7744,0.2715,0.6663,0.222518518518519,0.738962962962963,0.00029629629629629,0.0382222222222222,0,0.994550408719346,0.00272479564032698,0.00272479564032698,4.56990679094541,9.2345589414595
1,13,"queen",30,119,4,2,2973,0.8281,0.9423,1.0066,14.3478,0.1349,0.9272,1.4396,0.0565925925925926,0.929185185185185,0.0124444444444444,0.00177777777777778,0.00272479564032698,0.880108991825613,0.114441416893733,0.00272479564032698,1.0261780104712,6.43821109693878
1,14,"queen",30,64,2,4,1565,0.7524,1.0334,1.0828,17.0204,0.9695,0.9067,4.3005,0.195259259259259,0.739555555555556,0.0192592592592593,0.0459259259259259,0.0163487738419619,0.803814713896458,0.177111716621253,0.00272479564032698,3.13808801213961,6.36980368589744
1,15,"queen",30,71,3,3,2609,0.4196,1.0218,0.9332,10.1862,0.9766,0.7221,0.1405,0.208296296296296,0.722666666666667,0.00681481481481482,0.0622222222222222,0,0.934604904632153,0.0626702997275204,0.00272479564032698,4.29871977240398,9.60063140631406
1,16,"queen",30,115,2,3,1204,0.8536,0.9202,0.9802,6.02,0.2407,0.7058,0.3488,0.152592592592593,0.833777777777778,0.00148148148148148,0.0121481481481481,0,0.986376021798365,0.0136239782016349,0,3.6621359223301,9.01886993603411
1,17,"queen",30,101,2,3,2713,0.591,1.0784,1.0149,16.054,0.5045,0.7719,2.4488,0.248592592592593,0.716740740740741,0.00296296296296296,0.0317037037037037,0.0163487738419619,0.950953678474114,0.0272479564032698,0.00544959128065395,3.79022646007151,6.47630425795783
1,18,"queen",30,97,3,4,2932,0.8449,0.9076,1.0716,11.7686,0.1365,0.5821,4.8366,0.0462222222222222,0.948148148148148,0,0.00562962962962963,0.0245231607629428,0.97275204359673,0,0.00272479564032698,0.67948717948718,6.2470625
1,19,"queen",30,74,2,2,1929,0.7955,1.036,0.9809,6.1985,0.8111,0.9308,3.4847,0.137777777777778,0.824592592592593,0.0171851851851852,0.0204444444444444,0.0136239782016349,0.825613079019074,0.158038147138965,0.00272479564032698,2.96344086021505,6.18074380165289
1,20,"queen",30,78,2,4,3444,0.879,0.9743,0.9702,16.497,0.669,0.85,1.757,0.0358518518518519,0.96,0.00029629629629629,0.00385185185185185,0,0.997275204359673,0.00272479564032698,0,0.776859504132231,7.91084567901235
1,21,"queen",30,96,3,4,1132,0.3157,1.0741,1.0668,19.0739,0.2014,0.6436,3.9923,0.415111111111111,0.49362962962963,0.0165925925925926,0.0746666666666667,0.26158038147139,0.547683923705722,0.152588555858311,0.0381471389645777,4.80942184154176,6.40056422569028
1,22,"queen",30,89,2,4,3465,0.3788,0.9171,1.0648,5.6198,0.5511,0.2428,0.7021,0.117037037037037,0.874962962962963,0,0.008,0,1,0,0,2.81012658227848,8.49481882831019
1,23,"queen",30,83,3,2,1804,0.6617,0.939,1.0839,10.8697,0.1504,0.6586,2.409,0.190518518518519,0.784296296296296,0.00296296296296296,0.0222222222222222,0.0326975476839237,0.934604904632153,0.0272479564032698,0.00544959128065395,3.11975116640747,5.9493010955799
1,24,"queen",30,117,2,3,1950,0.6495,1.028,1.0478,14.1955,0.1876,0.1893,3.2239,0.208296296296296,0.751407407407407,0,0.0402962962962963,0.141689373297003,0.847411444141689,0,0.0108991825613079,2.86486486486486,5.27506703470032
1,25,"queen",30,91,4,4,1565,0.7615,0.9458,0.9107,5.0285,0.3235,0.0693,2.233,0.115555555555556,0.874074074074074,0,0.0103703703703704,0.0572207084468665,0.907356948228883,0,0.0354223433242507,1.85128205128205,5.05018305084746
1,26,"queen",30,64,4,3,3056,0.9315,1.0411,1.0993,16.6202,0.9187,0.9883,2.282,0.0284444444444444,0.943111111111111,0.0254814814814815,0.00296296296296296,0.0163487738419619,0.749318801089918,0.23433242506812,0,0.854166666666667,7.87205466540999
1,27,"queen",30,108,4,4,1551,0.2579,0.9383,0.9945,14.1928,0.4436,0.0451,2.6809,0.384296296296296,0.513185185185185,0.00029629629629629,0.102222222222222,0.457765667574932,0.490463215258856,0,0.0517711171662125,4.36700077101002,5.38484988452656
1,28,"queen",30,83,4,3,3120,0.9284,1.0133,1.092,19.5092,0.5632,0.4323,0.1429,0.0462222222222222,0.949037037037037,0,0.00474074074074074,0,1,0,0,1.87179487179487,9.39250078051826
1,29,"queen",30,107,2,3,2375,0.6627,1.0808,1.0671,9.4412,0.3017,0.177,3.9191,0.140148148148148,0.826074074074074,0,0.0337777777777778,0.171662125340599,0.817438692098093,0,0.0108991825613079,2.0169133192389,4.93856169296987
1,30,"queen",30,93,4,2,3547,0.8523,0.9464,1.0745,6.947,0.6871,0.0612,2.8185,0.0337777777777778,0.963555555555556,0,0.00266666666666667,0.0217983651226158,0.978201634877384,0,0,0.842105263157895,7.31382533825338
1,31,"queen",30,62,3,4,3671,0.8032,1.091,0.9904,6.7762,0.9458,0.4463,4.7249,0.0459259259259259,0.950814814814815,0,0.00325925925925926,0.0163487738419619,0.983651226158038,0,0,0.980645161290323,7.2905702711125
1,32,"queen",30,115,2,3,2423,0.2628,0.9505,1.003,10.2544,0.542,0.1346,2.5048,0.347555555555556,0.579259259259259,0,0.0731851851851852,0.250681198910082,0.678474114441417,0,0.0708446866485014,4.1381074168798,5.54697186700767
1,33,"queen",30,101,3,4,3773,0.7522,0.9282,0.9263,15.7824,0.8005,0.0573,1.2335,0.0311111111111111,0.968,0,0.00088888888888888,0.00272479564032698,0.997275204359673,0,0,0.952380952380952,8.05245485154576
1,34,"queen",30,108,2,4,1273,0.7071,1.0551,1.0088,6.7623,0.027,0.9091,0.9061,0.243555555555556,0.693333333333333,0.018962962962963,0.0441481481481481,0,0.825613079019074,0.174386920980926,0,4.14355231143552,7.33923076923077
1,35,"queen",30,69,2,3,3054,0.7083,1.0961,1.008,5.1116,0.6175,0.1302,3.4883,0.0651851851851852,0.922666666666667,0,0.0121481481481481,0.0490463215258856,0.950953678474114,0,0,1.25454545454545,6.55395953757225
1,36,"queen",30,102,3,4,1279,0.2848,1.0964,1.0543,5.8208,0.659,0.8188,3.7355,0.4,0.512,0.0207407407407407,0.0672592592592593,0.119891008174387,0.683923705722071,0.190735694822888,0.00544959128065395,4.70962962962963,5.64409722222222
1,37,"queen",30,106,3,4,3593,0.6366,1.0255,1.0588,8.3211,0.0256,0.6191,0.5843,0.100444444444444,0.894518518518518,0,0.00503703703703704,0,1,0,0,2.46607669616519,8.90268963232858
1,38,"queen",30,85,3,1,3053,0.2026,0.9355,0.909,18.403,0.7776,0.3534,2.8492,0.258666666666667,0.628148148148148,0.0228148148148148,0.0903703703703704,0.168937329700272,0.700272479564033,0.0980926430517711,0.0326975476839237,4.16953035509737,6.40686320754717
1,39,"queen",30,72,2,3,2573,0.9455,0.9651,0.9566,16.8866,0.7104,0.8797,4.7921,0.0533333333333333,0.939259259259259,0.00444444444444444,0.00296296296296296,0.00272479564032698,0.956403269754768,0.0408719346049046,0,1.44444444444444,6.88211041009464
1,40,"queen",30,110,4,2,1279,0.5387,0.9501,0.9079,8.1156,0.7032,0.8559,0.0713,0.208296296296296,0.726814814814815,0.0201481481481481,0.0447407407407407,0,0.814713896457766,0.185286103542234,0,4.47226173541963,9.496326946596
1,1,"queen",30,69,3,1,2873,0.9806,1.0301,1.032,11.4025,0.2134,0.9846,1.1841,0.0394074074074074,0.931851851851852,0.024,0.00474074074074074,0,0.779291553133515,0.220708446866485,0,1.2781954887218,8.53269316375199
1,2,"queen",30,69,3,2,3160,0.8377,0.9708,0.9166,9.9227,0.5867,0.3946,0.8555,0.0334814814814815,0.96562962962963,0,0.00088888888888888,0,1,0,0,1.09734513274336,10.7770082847499
1,3,"queen",30,61,2,1,3797,0.563,0.9776,1.0877,6.9095,0.6924,0.3349,2.3331,0.0954074074074074,0.900740740740741,0,0.00385185185185185,0.00544959128065395,0.994550408719346,0,0,2.61490683229814,6.97526973684211
1,4,"queen",30,119,2,4,1289,0.996,1.0931,1.0559,12.829,0.46,0.8678,3.4472,0.156740740740741,0.808296296296296,0.00888888888888889,0.0260740740740741,0.0599455040871935,0.850136239782016,0.0817438692098093,0.00817438692098093,2.03024574669187,4.80883797653959
1,5,"queen",30,78,4,3,1057,0.6607,1.0484,1.0929,6.953,0.7616,0.1108,4.701,0.239407407407407,0.694814814814815,0,0.0657777777777778,0.400544959128065,0.561307901907357,0,0.0381471389645777,3.65594059405941,5.62852878464819
1,6,"queen",30,89,3,1,1936,0.533,0.9222,0.9123,19.5672,0.4438,0.1109,4.7678,0.269333333333333,0.686518518518519,0.00237037037037037,0.0417777777777778,0.177111716621253,0.801089918256131,0.0136239782016349,0.00817438692098093,4.12101210121012,5.92113077255071
1,7,"queen",30,74,4,1,2882,0.2522,1.0762,0.9265,9.6726,0.56,0.3718,2.0568,0.379555555555556,0.511111111111111,0.00444444444444444,0.104888888888889,0.177111716621253,0.694822888283379,0.0326975476839237,0.0953678474114441,4.58391881342701,6.11537391304348
1,8,"queen",30,98,4,2,1185,0.3768,1.0421,1.088,15.0958,0.9782,0.4897,0.6163,0.318518518518519,0.585481481481481,0.0201481481481481,0.0758518518518519,0,0.852861035422343,0.133514986376022,0.0136239782016349,5.04744186046512,9.09301113360324
1,9,"queen",30,70,3,4,3792,0.3815,1.0282,0.9367,11.8617,0.4717,0.5276,4.0604,0.168888888888889,0.777777777777778,0,0.0533333333333333,0.0626702997275204,0.93732970027248,0,0,3.80701754385965,7.51731428571429
1,10,"queen",30,75,3,4,3475,0.4468,1.0584,0.9742,5.0213,0.0937,0.3169,2.6417,0.142222222222222,0.843851851851852,0,0.0139259259259259,0.0326975476839237,0.967302452316076,0,0,2.62083333333333,5.35111657303371
1,11,"queen",30,94,2,3,2848,0.897,1.0907,1.0567,19.8292,0.1386,0.5248,2.0565,0.056,0.932148148148148,0,0.0118518518518519,0.0163487738419619,0.983651226158038,0,0,1.54497354497354,6.36742530197076
1,12,"queen",30,80,2,1,2078,0.2454,1.0782,1.0619,5.4712,0.829,0.7458,4.0561,0.31437037037037,0.562074074074074,0.0142222222222222,0.109333333333333,0.0790190735694823,0.776566757493188,0.128065395095368,0.0163487738419619,4.14514608859566,6.01127569847127
1,13,"queen",30,91,2,3,3309,0.8687,0.9428,1.058,9.8576,0.2345,0.7038,4.7557,0.034962962962963,0.962074074074074,0,0.00296296296296296,0.0108991825613079,0.989100817438692,0,0,1.08474576271186,7.48704034493379
1,14,"queen",30,79,2,1,2179,0.6258,0.9349,1.0344,17.1388,0.3555,0.9203,4.1765,0.196444444444444,0.744296296296296,0.0225185185185185,0.0367407407407407,0.0463215258855586,0.746594005449591,0.20708446866485,0,3.86123680241327,6.84460589171974
1,15,"queen",30,102,2,4,3847,0.8673,0.954,0.9255,5.2646,0.8396,0.9572,4.362,0.0251851851851852,0.964740740740741,0.0082962962962963,0.00177777777777778,0.00272479564032698,0.918256130790191,0.0762942779291553,0.00272479564032698,0.494117647058824,7.01352272727273
1,16,"queen",30,111,4,2,1985,0.5447,1.0431,1.0491,9.3897,0.9936,0.298,0.1572,0.221925925925926,0.726814814814815,0,0.0512592592592593,0,1,0,0,4.60881174899867,10.0285772523441
1,17,"queen",30,77,3,3,1019,0.5381,0.9002,1.0159,9.1982,0.8885,0.2352,2.9157,0.289777777777778,0.649185185185185,0,0.061037037037037,0.291553133514986,0.623978201634877,0,0.0844686648501362,3.53374233128834,5.41630762209037
1,18,"queen",30,115,2,4,3234,0.3232,1.0491,1.0211,6.1524,0.2597,0.9814,0.6945,0.279703703703704,0.637333333333333,0.0248888888888889,0.0580740740740741,0,0.771117166212534,0.228882833787466,0,4.44279661016949,8.09795443979544
1,19,"queen",30,64,4,1,1078,0.8845,1.027,1.0771,12.5149,0.5894,0.2776,0.5828,0.21837037037037,0.738962962962963,0.00059259259259259,0.0420740740740741,0,0.991825613079019,0.00544959128065395,0.00272479564032698,4.40976933514247,8.88832798716921
1,20,"queen",30,118,3,4,1039,0.8878,1.0761,1.0297,14.3144,0.5227,0.3627,1.6227,0.243851851851852,0.702518518518519,0.00029629629629629,0.0533333333333333,0.00272479564032698,0.994550408719346,0.00272479564032698,0,3.66464155528554,5.53357654997891
1,21,"queen",30,82,3,4,1882,0.3612,1.0239,0.9079,5.1399,0.9282,0.9872,4.8539,0.278814814814815,0.624296296296296,0.0272592592592593,0.0696296296296296,0.0490463215258856,0.697547683923706,0.250681198910082,0.00272479564032698,3.75982996811902,5.99888941623161
1,22,"queen",30,70,4,2,3896,0.8819,0.9026,0.9905,5.5598,0.4689,0.4602,1.6911,0.00918518518518519,0.990518518518518,0,0.00029629629629629,0,1,0,0,0.0645161290322581,9.80997008674843
1,23,"queen",30,115,2,4,1533,0.2923,1.0155,0.9824,14.108,0.8232,0.5938,1.6001,0.408,0.499851851851852,0.0165925925925926,0.0755555555555556,0.0108991825613079,0.82016348773842,0.149863760217984,0.0190735694822888,4.92955700798838,6.90219324244221
1,24,"queen",30,87,2,3,1024,0.5227,1.0759,1.0817,13.1726,0.0417,0.5818,0.734,0.325037037037037,0.600888888888889,0.0136296296296296,0.0604444444444444,0,0.891008174386921,0.0980926430517711,0.0108991825613079,5.03737465815861,8.61266765285996
1,25,"queen",30,65,2,1,3836,0.8865,1.0597,0.997,13.7773,0.0312,0.906,4.0854,0.0592592592592593,0.924148148148148,0.00740740740740741,0.00918518518518519,0.00272479564032698,0.923705722070845,0.0681198910081744,0.00544959128065395,1.8,7.53404937479961
1,26,"queen",30,118,3,3,3703,0.2067,1.0926,0.979,9.2236,0.6698,0.2019,3.8823,0.490074074074074,0.413037037037037,0,0.0968888888888889,0.444141689373297,0.307901907356948,0,0.247956403269755,5.0918984280532,5.83175035868006
1,27,"queen",30,62,3,2,2765,0.9358,1.0955,0.9831,16.0608,0.1022,0.1758,4.7527,0.0456296296296296,0.944592592592593,0,0.00977777777777778,0.0408719346049046,0.959128065395095,0,0,1.06493506493506,6.83472082810539
1,28,"queen",30,114,3,3,3740,0.2236,1.0557,0.9591,16.3135,0.6262,0.7252,3.2459,0.423703703703704,0.489777777777778,0.00918518518518519,0.0773333333333333,0.0681198910081744,0.841961852861035,0.0844686648501362,0.00544959128065395,5.13846153846154,6.47082879612825
1,29,"queen",30,101,4,3,2614,0.5808,0.9493,0.9006,6.8743,0.1033,0.8823,1.0078,0.119703703703704,0.859555555555556,0.00651851851851852,0.0142222222222222,0,0.940054495912807,0.0599455040871935,0,3.07920792079208,7.85929679420889
1,30,"queen",30,70,2,3,2212,0.719,0.9657,1.0798,10.6263,0.6369,0.025,2.2092,0.123555555555556,0.861925925925926,0,0.0145185185185185,0.0272479564032698,0.97275204359673,0,0,2.28297362110312,6.03947060845651
1,31,"queen",30,81,4,4,1436,0.9491,1.0329,0.9252,12.4553,0.9426,0.149,2.0177,0.136592592592593,0.841185185185185,0,0.0222222222222222,0.00544959128065395,0.991825613079019,0,0.00272479564032698,2.32104121475054,5.96554420570623
1,32,"queen",30,114,3,2,1116,0.2444,0.9452,1.0026,6.8914,0.5015,0.891,1.4346,0.357333333333333,0.533333333333333,0.0311111111111111,0.0782222222222222,0,0.757493188010899,0.242506811989101,0,4.75456053067993,6.64126666666667
1,33,"queen",30,97,4,3,1152,0.5655,1.0371,1.0834,13.297,0.0684,0.8189,0.4992,0.283851851851852,0.64,0.0207407407407407,0.0554074074074074,0,0.814713896457766,0.182561307901907,0.00272479564032698,4.8517745302714,9.9220787037037
1,34,"queen",30,105,2,4,3244,0.861,0.9134,0.9821,8.0458,0.97,0.3109,4.578,0.0343703703703704,0.964444444444444,0,0.00118518518518519,0.0572207084468665,0.942779291553134,0,0,0.568965517241379,6.13029493087558
1,35,"queen",30,65,4,1,3965,0.3732,1.0803,0.9818,19.8005,0.0354,0.9102,4.3835,0.209777777777778,0.695703703703704,0.0186666666666667,0.0758518518518519,0.0136239782016349,0.814713896457766,0.171662125340599,0,3.98870056497175,6.29977001703578
1,36,"queen",30,118,4,4,1429,0.9849,0.9605,1.0289,10.4996,0.8751,0.3344,2.763,0.132148148148148,0.856296296296296,0,0.0115555555555556,0.0980926430517711,0.899182561307902,0,0.00272479564032698,2.14349775784753,5.21174048442907
1,37,"queen",30,108,4,1,2559,0.9624,0.951,0.9331,18.669,0.3209,0.4756,4.6751,0.0808888888888889,0.912296296296296,0,0.00681481481481482,0.0299727520435967,0.964577656675749,0,0.00544959128065395,1.80952380952381,6.15898343618058
1,38,"queen",30,79,4,3,3906,0.5102,0.9328,0.9828,7.1387,0.301,0.6354,2.7111,0.0562962962962963,0.934518518518519,0,0.00918518518518519,0.0190735694822888,0.980926430517711,0,0,0.91578947368421,5.61680722891566
1,39,"queen",30,69,4,3,1976,0.6296,0.9852,0.9786,11.9014,0.5431,0.627,4.1386,0.163555555555556,0.798222222222222,0,0.0382222222222222,0.0708446866485014,0.918256130790191,0,0.0108991825613079,3.05072463768116,5.91587230883445
1,40,"queen",30,86,2,1,1098,0.9474,0.9086,0.9297,16.1612,0.0793,0.9986,1.7879,0.176296296296296,0.764444444444444,0.029037037037037,0.0302222222222222,0.00544959128065395,0.732970027247956,0.26158038147139,0,3.72436974789916,6.37255426356589
